,LISACBE,TwinLISA,LISAGrande,LISAU,GoBIGLISA,ALIA,ALIAtwin,GoBIGALIA
XX1.1.bXX,184.22279685207894,106.10113344768106,214.20539145805654,485.1049596557295,132.18949028754275,10.076942247437804,5.7978392019725495,5.133710172071855
1.1.c,4656.989654763589,2692.8277795688014,5380.341890424995,11243.529736596163,1189.051266213144,276.80197432363923,159.36185366986044,53.3937650833774
1.1.d,49772.622444653796,28729.028894880852,48492.18265273854,101389.65184289048,2188.0056801934056,5826.011910874436,3119.066515076804,159.1509123465558
1.1.e,284314.7460367609,164238.40823159757,302516.9614623524,631784.8899168926,13204.544452151802,26690.51781736049,14805.279101254453,795.7591484411042
1.1.f,342.6463450169236,242.28755411025207,399.7624076178865,1310.8160856615066,357.2908406088485,19.948538342733578,14.105746736906767,14.105746736906767
1.1.g,139709.68964290767,80784.83338706405,161410.25671274983,337305.89209788485,6884.850084898557,8304.059229709177,4780.855610095813,274.48253713975623
1.1.h,2328.4948273817945,1346.4138897844007,2690.1709452124974,5621.764868298082,1189.051266213144,138.40098716181961,79.68092683493022,53.3937650833774
1.1.i,1148.732349586162,812.2764341607309,1327.1408575522578,4351.233319411206,1189.051266213144,75.51018672707532,53.3937650833774,53.3937650833774
XX1.2.bXX,257.05022927525334,147.99520242025088,295.66404320158546,613.1343590041765,111.46726143273283,16.09230016890746,9.243676977661593,5.233995840568997
1.2.c,69.30206545980597,49.00396043686282,80.39726162408002,263.6061406909827,71.95705745370148,4.34812704288286,3.0745901174830803,3.0745901174830803
1.2.d,52459.84995291933,30297.08320828178,59655.684647859984,124410.4198525759,2546.634782351807,3598.7718976212727,2054.8485630754726,116.11753599164808
1.2.e,874.3308325486555,504.95138680469637,994.2614107976664,2073.506997542932,292.37069065665247,59.97953162702122,34.24747605125788,16.256922930915298
XX1.3.bXX,20.265216348591288,11.647299812667903,18.919780747514796,39.10354160134901,1.802265432452291,2.6127495167896795,1.4765540373278412,0.22851810180719784
1.3.c,149.39000941079863,85.59702173211592,127.5591601443121,264.5889794841158,6.014984753922111,21.566623422902765,10.910462633497675,0.7883159783975141
1.3.d,3932.1179018205185,1970.0004987278062,1355.2062223946227,2415.6752703324464,94.510054804579,1402.231802857001,342.18804732738005,12.152857617952353
1.3.e,16224.7167947288,8754.707719178261,7545.46572444184,14749.423126604188,474.63099072620514,4074.083284508544,1480.921124937897,57.55015976071978
1.3.f,4481.700282323959,2567.9106519634774,3826.774804329363,7937.669384523473,180.4495426176633,646.9987026870829,327.31387900493024,15.615970321536953
1.3.g,74.69500470539931,42.79851086605796,63.77958007215605,132.2944897420579,5.0569350731481695,10.783311711451383,5.455231316748837,0.7883159783975141
1.4.a,57.974864678952905,39.870210765461465,67.63678695141562,216.78433552813954,59.01434086100695,3.030327714270315,2.142765275978071,2.142765275978071
2.1.a,1525625.8324266789,834840.0652697082,151171.08540584592,8450.618581564233,21966.20140969788,1525784.0547277902,834852.6566360282,43933.120861100644
2.1.b,25427.097207111317,13914.00108782847,2519.5180900974324,140.84364302607057,366.103356828298,25429.734245463173,13914.210943933804,732.218681018344
2.1.c,7.4881971116485575,0.08848651623507812,0.10774440368141451,0.014940180458406786,0.0017667211902410703,30.31335057882623,0.07164194032839481,0.0023880646778467645
2.1.d,55963.448054967135,661.3101552558162,560.4237409877929,6.406762482582803,11.022483507799764,280032.7774804519,661.8608993818133,22.06202999543353
2.1.e,43743.91061482537,516.913269372561,439.4527525940412,10.230235557089129,8.619327418561312,218976.7489838217,517.5347824588472,17.25115942059549
2.1.f,224.64591334945672,2.654595487052344,3.232332110442435,0.4482054137522035,0.053001635707232105,909.4005173647869,2.149258209851844,0.07164194033540294
2.1.g,6561.392335691952,444.84592874809755,328.91107627718344,3.530186554176931,7.447415387551346,6658.504554534867,444.9180682028044,14.897182245910066
XX2.2.bXX,7.45775017729486,0.0881267514916603,0.13645484466742538,0.021548575560711124,0.0019377874144664792,23.99842950434581,0.05671734597823629,0.0018905781994439804
2.3.b,1782.3187244760206,27.561320468276218,23.26676666938965,0.2371557159936944,0.4594182259759223,2688.821044006155,27.57987756740046,0.919420855567743
2.3.c,180.80881071707626,2.1365840963894316,4.301136498833932,0.7455234973222273,0.052074473059355156,389.4542039251676,0.9204279676350458,0.030680932257512943
2.4.a,8066.274912776117,95.31754330630577,111.3878565197555,14.961203176935275,1.8712888215616486,33615.862824930395,79.44704341288491,2.648234780693967
2.4.b,2851.800815960376,33.699186787510975,64.31320137776393,10.96714101254524,0.8044440328625049,6733.90745276453,15.914769291882154,0.5304923097786578
2.4.c,1453.5541272975508,17.176483826285622,43.76103465174802,7.961440140074883,0.46079680343782464,2179.927506464113,5.152044588745932,0.17173481966005935
XX3.1.aXX,277024441.1106006,150515647.4106536,27440810.573902052,1515892.30864872,3919202.5185377463,277053632.08644164,150517504.58018887,7838498.764041852
3.1.b,1844832816.5886562,874519640.4435196,181436614.2339867,8187459.167111487,19640323.940592974,1845148772.2211127,874525725.234108,39280912.85597224
XX3.2.aXX,,,,,,,,
3.2.b,10660632.493175115,6087495.220856475,1059019.6932071648,65409.49485271481,172002.60969097444,10666964.22748606,6090675.44312252,344176.9614659584
3.3.a,1773.7633430964875,1023.430150477972,179.92674892799084,64.17772944941647,29.89086262386897,1760.3788354876,1015.5413553136724,58.53834408969713
3.3.b,0.6401793025242062,0.36951398116846024,0.07570182703975807,0.0694101815452663,0.01225555600710115,0.5844833110182038,0.33701282301684676,0.02045668581964149
3.3.c,39.49923345619956,22.799576893756086,3.945919971622145,0.6612617744091416,1.8992575230432291,39.54622192359416,22.825112397014646,3.799986078423096
XX3.3.dXX,52.73450821148624,37.288928358879595,5.324874582528316,1.736424111413354,18.695999130626088,52.72520881985779,37.28235269599821,37.28235269599821
3.3.e,111.9201002062608,79.13946180692493,11.25199475350423,2.7460075155395387,39.59711328719138,112.04443945921838,79.2273829358589,79.2273829358589
3.3.f,0.40327706422032694,0.18776772845510706,0.047791123224891006,0.039141019606805036,0.06584932772170472,0.36996939466923695,0.15075014053795002,0.08839104624800023
3.4.a,3.151921375432411,1.7702794856015363,0.3942262026514036,0.3960327802973801,0.628087838518962,2.7902420097407754,1.5616849617708237,0.9854985715540557
3.4.b,1.1662286571969158,0.6610858509442864,0.19667030177352152,0.2766001912794016,0.3518523401205876,0.8521862082711069,0.4795892853264336,0.41254561193717254
3.5.a,1.355803893274559,0.9586981268935628,0.5488140574884145,1.6815854130265095,0.8299347901498002,0.3672287128307213,0.25966991308901033,0.25966991308901033
3.6.a,0.11199566892867827,0.07919289696299191,0.028321569458711726,0.06965512222748063,0.057248948736407804,0.05438889756489188,0.03845875828939556,0.03845875828939556
3.7.a,0.3104978267853407,0.17357208039701608,0.04498178172456776,0.05607948232869887,0.07669112940874621,0.25485109368024056,0.1413940789761383,0.10355692180966228
XX4.1.aXX,56248386727.49581,3932107464.17366,2471273119.2271185,119800152.00561498,1966466586.788499,57502872581.05465,3936835096.4574184,3936835096.4574184
XX4.1.bXX,39184320.10359131,3114545.2463651183,1811724.4924480908,110561.10332732102,1557790.6266929987,39959718.18964641,3118441.6220861073,3118441.6220861073
4.1.c,48368619106598.6,2389508954155.9014,1880618462695.9915,26550674032.674698,39920293641.7477,49795205288193.32,2391792064135.0435,79910533866.6906
4.1.d,664410995124539.9,29186420982284.227,23315330294245.656,253479895277.99036,487333191724.9756,689166200867688.1,29207325691495.934,975325463986.0063
XX5.1.aXX,1.5048922123017536,1.0641194882733955,1.4274491479540539,4.667153316834169,1.3577158556410014,0.20181640872383902,0.1427057511633425,0.1427057511633425
XX5.1.bXX,12.901446700921158,7.3841407935396965,10.596658679313435,23.920357648324448,7.955223943739555,1.95638220029169,1.3133390882885658,1.3133390882885658
XX5.1.cXX,25.41463709188948,14.043275667659085,14.26183440306257,28.855465173656725,7.165136499786524,5.402597344881029,2.244906395772436,1.896262372833499
XX5.1.dXX,4857.482269679451,72.67192043170598,246.63073231484427,47.193152298371714,10.270055286354786,4213.699896448382,11.893980013261388,5.556621936729878
5.1.e,4944.759817426532,2841.35714663238,4495.623489081527,9354.008880523053,206.9242452580156,657.6904877067182,340.15456853577336,16.62715442721199
XX5.2.aXX,1558.5434451047795,783.4406520036073,555.6805045450586,1009.9477576411776,37.88696138738846,531.2359936047161,136.49854746176499,4.883766779066928
XX5.2.bXX,6033.289669466883,2027.8533150711453,1108.5422732764991,1437.7464688445716,76.35428004506726,4439.923315997315,315.9243788140578,10.584480303212574
5.2.d,845.7977569804256,446.8916529088656,368.4505388994108,709.9526655926587,23.40733561165039,228.09811801197588,76.33107164027193,2.8882737025043888
XX5.3.aXX,1323.851916500562,646.1956717352739,424.18817827351023,737.9292456477278,30.108451587343495,519.079183771933,111.57384066442042,3.9038421701428363
XX5.3.bXX,5819.550062797723,1687.068468803119,936.1529887001818,1113.333292712388,61.41647680439534,4662.927468861114,245.14465691273165,8.194122314444284
5.3.d,701.4260785064755,364.13236716041956,275.794141050978,516.991896379602,18.407279201733406,211.4623278654249,63.03926126703214,2.317303749626629
XX5.4.aXX,1363.069511925027,295.15739446363915,180.79333968576734,177.0206096460481,10.29602739099639,1194.6686950843073,40.86420202602237,1.3637289759162963
XX5.4.bXX,13044.49486278372,644.5053100421035,1198.5880787903816,382.1585466687805,21.436428305055063,12091.216502816325,85.85328173439088,2.86190436463242
5.4.d,516.8240376909133,164.48659517495628,89.8757959207589,112.1065002275024,6.121387465003412,395.5996502772561,24.188000604003463,0.809293338677935
5.5.a,12797.391820515815,7336.646901567308,11724.045627998908,24360.476546641832,535.3382949186504,1713.8389899173333,878.778286551414,42.53930527359203
XX5.5.bXX,17770.82794074493,10127.838345607175,14355.716074157033,29797.467865122824,691.7912283316596,2791.2314379340755,1366.3710111601144,63.115570512314974
5.5.c,8785.54558065246,5058.949229453373,8596.130811874127,17940.52749350441,385.3582436867633,1044.0331815899697,552.0019118064661,27.710378262726636
5.5.d,8785.54558065246,5058.949229453373,8596.130811874127,17940.52749350441,385.3582436867633,1044.0331815899697,552.0019118064661,27.710378262726636
5.6.a,1396.6035247404043,799.6621741941526,1239.2750399332176,2573.2908030854833,57.2946476963466,196.01594502202462,99.87190665080516,4.8010584704556285
5.6.b,3890.199348131344,2214.6417629595244,3055.668939346554,6334.52571836303,149.0870025505016,628.5346402046022,308.5962428252898,14.293918595452773
XX5.7.aXX,180772.57713426152,13192.71224824294,9603.240453222663,254.85601962715856,221.13725680393864,183147.91989184124,13208.288332943452,442.58171542831155
5.7.b,5364.854467146601,248.87822655794503,208.0626174554086,16.833735801748425,4.336713069826364,5542.431019867529,240.79666016282727,8.04170404298254
5.8.a,299.64620288482126,171.4881398868037,220.9080145616904,457.0605407335622,11.157408066811609,52.29090707555751,28.182408867028908,1.4511694252523728
